"x1","x2","x3","x4","x5","tau","mu","pi","Z","Y"
1.81228779940897,0.528190034355865,0.0191357202850598,1,3,4.16914020613519,-2.96532056759448,0.0803403152594793,0,-1.38235506203813
-0.744441037336083,0.874786946124286,-0.169260676740889,0,3,6.24872167674572,-2.8739954062268,0.115748244909121,0,-1.74083087328448
0.24740014081325,1.13031978792967,0.00195775484799441,0,1,3.26063957585933,3.00048434882507,0.91535983854306,1,6.33601634613396
-0.871572138627695,0.325769594714589,0.747624275797942,0,3,2.95461756828753,-3.65160848894719,0.0834964117832219,0,-3.90172700431308
-2.8459008213734,-0.386876726752635,1.06437262079963,1,3,-1.32126036051581,-6.02909891578104,0.14161362278133,0,-5.68349346771112
-1.48780562768143,0.579444060739246,-0.143442038045716,1,2,3.31777624295698,0.213413871450511,0.764333901501168,1,2.90986610840673
0.695651172764361,1.86644600665633,0.218006098111687,1,1,4.73289201331266,3.15165619782118,0.863542538986245,1,7.74981539913195
1.32452085719605,0.421542012181891,0.684131092520254,1,3,3.52925207309135,-2.09385409890061,0.102393073406383,0,-2.1242021730879
-0.72168649522284,0.862964850920663,-1.65232889713272,1,3,6.17778910552398,-1.80753654927287,0.0891265080282211,0,-1.22347873632861
0.317385905053474,0.0227805220254166,0.475671628648561,0,1,1.04556104405083,3.15097147036688,0.903238275999158,1,3.76649924119213
-0.472499794401576,1.10880556238048,0.167320975989183,1,2,5.43522224952191,-0.0790591267539602,0.504017722537342,0,-0.111682187652319
0.218244115537631,1.65983561631829,-1.27172438696794,0,1,4.31967123263658,2.72245363595855,0.898033032711599,1,6.81804545856778
-0.509893424145335,-0.191521778298724,1.11975633394538,0,2,0.233912886805103,-0.570956391323836,0.383980962110721,1,-0.938994685102359
0.508887429146404,-0.531570796101711,1.66224830959662,1,2,-1.12628318440684,0.845897268873581,0.661858718072771,1,0.395163157221929
0.661562220528121,0.331455536559318,-0.618304022073651,1,1,1.66291107311864,2.59095341819549,0.944137878992056,1,5.81835392822139
1.83566738394266,0.675726189483362,-0.48941876370047,1,2,3.70290475793345,-0.898410061614496,0.168192076151431,1,3.09414152736397
1.11764527368465,1.38273208162505,0.425920356274061,0,2,6.53092832650019,0.476027873155786,0.522315850897858,1,6.24575998155676
-1.12401332675546,-1.94493897129064,-0.551325552676842,0,2,-6.77975588516257,0.619697268589592,0.822750781960648,0,0.518974785441792
-1.08755774249802,0.701940573667392,-0.467749550040452,0,1,2.40388114733478,3.50870464469646,0.94548788700005,1,5.80546289138974
-0.472310417377103,0.37402883663174,-0.0582471794579897,1,1,1.74805767326348,3.02751074964084,0.886218848645498,1,4.02291275708789
-0.0950476397714725,1.63118326613071,0.647315745471257,0,1,4.26236653226142,2.93847416620605,0.893173423318741,1,6.37738198994033
0.0451774639273102,0.956691215980229,-0.664057682475703,0,1,2.91338243196046,2.9699995580043,0.86545568785362,1,5.45791233820811
-0.81145610793438,0.487161888712629,-0.82391116334683,0,3,3.92297133227577,-2.33143225410689,0.151821752670419,0,-3.94748161871135
-1.56876586969182,-1.92814913662769,0.0353499416453163,0,3,-10.5688948197661,-3.05545578194877,0.135736370545885,0,-3.70624385694987
1.93071548000737,0.474387859902014,0.0283353113942717,0,1,1.94877571980403,3.05470742433975,0.866487020401546,1,3.54300317400381
1.04655901513079,-0.203425294097034,-0.305473633421645,0,1,0.593149411805931,2.68030381505782,0.902372027423544,1,3.93377502331324
-1.77040794538954,-0.0952383301314837,1.70693629264462,0,3,0.428570019211098,-6.02197357477181,0.0748603053284561,1,-6.15470570009938
0.441176469800612,-0.375181198407598,0.689230506651678,1,3,-1.25108719044559,-2.69592771819653,0.11929259945776,0,-2.26691310674757
0.553021372179694,0.266605962856116,-0.987323600879767,1,3,2.5996357771367,-3.54601105254393,0.118856771599146,0,-2.31470805902333
-0.982812651702477,-0.40930320741591,-0.608727806630413,0,2,-0.637212829663639,0.598265389799469,0.813357260893012,1,0.602756309794045
-0.144831837157042,-1.56849599038596,-0.129786450211942,0,2,-5.27398396154385,0.0187972100222865,0.561175588702275,1,-5.76539791051789
-0.464881913695888,-0.502194865852552,-0.31589090122125,0,2,-1.00877946341021,0.146851966678853,0.658023396764993,1,0.667907447319105
0.108092265260954,1.28743080903441,0.962103668025459,0,1,3.57486161806882,3.10399596489274,0.907277418481772,1,5.82728102878923
0.613392854372323,1.63864315944298,-1.29350667548428,1,2,7.55457263777192,-0.793427751824959,0.210824321541237,1,5.59405547146703
-1.26238765927903,-0.303715785947058,-1.27262267675314,1,3,-0.822294715682348,-1.39345683794819,0.290546562289253,1,-3.25269507726906
0.0115226613599295,0.902596690941914,1.492168310213,0,2,4.61038676376765,0.0171937501306027,0.503349047377749,1,4.53224599297335
0.201555607444606,0.925606816500293,1.88982833055005,1,3,6.55364089900176,-2.61909450286996,0.117451989841984,0,-1.64430053982836
0.793422672944138,-0.225703182386603,0.39898884413264,0,3,-0.354219094319618,-2.68343320481339,0.0980611381959074,0,-4.15170967774493
-0.787694399839983,1.08367318636655,-0.538247032015927,0,3,7.50203911819928,-2.57602582715056,0.0551235706146091,0,-2.58540788599877
-1.75832326667319,-0.719078057312519,-0.827999025437083,1,2,-1.87631222925008,1.45588995120875,0.923335029393885,1,-0.507443464714385
-0.762748523667907,-0.223919727165667,-0.616509036947024,1,2,0.104321091337331,0.470241357759266,0.77578392055406,0,0.881040256935185
1.02994734661742,-0.310730502032099,0.45418349980407,0,1,0.378538995935801,3.46778509050061,0.90771608151597,1,4.67985986159017
0.801759762130022,-1.88165784687992,1.50701316879359,0,2,-6.52663138751966,1.20826251973876,0.767223742512052,1,-3.05703506678002
-0.0364102008070016,-0.831864248541341,0.256723057033753,0,1,-0.663728497082682,2.99065266194161,0.882860701338627,1,1.03087393217083
-0.344635606640456,-1.065245501546,0.00213500109661371,1,1,-1.13049100309201,2.99926420260189,0.93523694489489,1,2.36844136796537
0.220954233359539,-0.661134286942159,-1.88465479095124,1,2,-1.64453714776864,-0.416422454482014,0.351195527183468,0,-0.456617465635716
-2.27984926995517,-0.452033432823133,-0.71561459548704,0,2,-0.808133731292531,1.63149341309039,0.908158536852745,0,2.90398419206558
-0.292445933833588,0.818800675594835,-1.08358172432818,1,2,4.27520270237934,0.316889069256163,0.639348431723976,0,0.861420128439032
0.241083060179605,-0.371750715867396,1.18514565051184,0,1,0.256498568265208,3.28571854018394,0.901969207975125,1,3.94287084104774
-1.3553448234654,-0.123484264511099,-0.532291785951927,0,2,0.506062941955605,0.721438916663096,0.803503488766185,1,0.195747312278147
0.311309532029727,0.453125428559865,-0.331840647570579,1,1,1.90625085711973,2.89669484329636,0.914035575847691,1,4.88548431793451
0.927991946845149,0.832097060251188,0.0642012382170971,1,2,4.32838824100475,0.0595782320429531,0.425164649347695,1,3.45593789670207
0.514787352911481,1.44171367170416,0.922117919527739,1,3,9.65028203022497,-2.52530535713407,0.0595404899563424,0,-0.109743165388238
-2.22391416653145,1.00977923028676,2.3338945620944,1,1,3.01955846057352,-2.19038117983245,0.163536561580516,0,-2.49200456285998
-0.0657160555400032,-1.00263627800233,-0.705789405795991,0,1,-1.00527255600466,3.04638169579083,0.939058225579765,1,2.75032827560223
0.753929709039788,-0.677879926759239,1.06349263502412,0,2,-1.71151970703696,0.801798692889691,0.645841249434948,0,0.467078726630044
0.455482394406701,1.24565688676813,-0.00556324127656499,1,2,5.98262754707254,-0.00253395845731201,0.468554577738214,1,5.01933385212762
-0.49769250930604,0.0680141981337846,-0.285031829097327,1,2,1.27205679253514,0.141858206255539,0.673597089418689,1,2.75744629943599
0.873545143464721,-0.13330350495919,-0.25529457331076,1,3,0.200178970244859,-3.22301133466851,0.0981827171481487,0,-3.34784551591997
1.03809793437459,1.090342605965,-0.375799268500108,1,2,5.36137042386002,-0.390116444369443,0.279862458493076,0,-0.878070833885576
0.974693053251081,1.71991146462139,0.28036873063252,1,3,11.3194687877283,-2.72672654590366,0.124671035059887,0,-2.5109275502342
-0.808298857311819,-0.233274686343016,0.967637334981882,1,2,0.0669012546279357,-0.782140152158109,0.307726119932264,0,-0.751237450919775
0.673875717021506,0.40582644504063,1.51476506783562,0,2,2.62330578016252,1.02076339620686,0.682327056733441,1,3.46797772303551
0.500522422942396,0.94733596222073,-0.234077684227389,0,1,2.89467192444146,2.88283887033376,0.889088285869916,1,5.81397143678993
0.174401997928509,2.06119807167384,0.393789366337308,1,3,13.3671884300431,-2.93132234774777,0.127360241664537,1,10.2946625714145
0.430616099498364,1.3525493533927,-1.70536738183317,0,1,3.70509870678539,2.26564134982327,0.842894036414725,1,3.9358882240986
0.256183239496751,0.812463576553924,-0.0820702282061646,1,2,4.2498543062157,-0.0210250169280929,0.423471853254217,0,0.694529286511066
2.43723981774788,0.0815356711855034,0.382354856448239,1,2,1.32614268474201,0.931890480644924,0.422796790592522,0,2.52720943996122
0.467711205371849,-1.12957821262246,0.134709610285399,1,2,-3.51831285048983,0.0630051942017559,0.400699528716195,0,0.940819064940934
-0.687815411675205,-0.503865785707131,-0.118533429740889,1,1,-0.00773157141426184,3.0815291197745,0.892348341034157,0,3.52485695279872
1.03592780595508,2.63967605143012,1.62158499831764,1,3,16.8380563085807,-1.32015501052314,0.143581445887422,1,17.6338386721843
0.535310000604517,0.594936946662906,0.876670171453669,0,2,3.37974778665162,0.469290310010826,0.573181894520587,1,4.40070703483967
-0.147767435394079,-0.45763472326902,1.44330847134957,0,3,-1.74580833961412,-3.21327399129388,0.111532754411759,0,-3.143707910126
0.244073479722516,0.388254671197006,-1.85256496167193,0,1,1.77650934239401,2.54783802339272,0.857183128993954,1,5.79957908836286
-1.02646384740044,-0.563226709002687,-0.093775967093165,0,2,-1.25290683601075,0.0962576399761474,0.645739651488824,0,-1.04397786610308
-0.944568021470504,1.21354726713544,0.39905049621026,1,2,5.85418906854177,-0.376930337672148,0.498833306347032,1,4.94683317469675
3.45195346717077,0.242405910761018,-0.947427655304941,1,2,1.96962364304407,-3.27047617962337,0.132449725948216,0,-3.24153621808458
0.10212797742382,-1.07214270184086,-0.942195237457865,1,2,-3.28857080736346,-0.0962244939399279,0.442429309527399,1,-4.42500617959374
0.510601899514733,-0.569469358209651,-2.10935303775201,1,3,-2.41681614925791,-4.07703966782335,0.0640497339661239,0,-4.27924767420248
-0.161056297511991,0.313940312208594,-0.383228534585732,1,1,1.62788062441719,3.06172136888132,0.866741015012909,1,5.47269136750014
-0.95589214564155,0.138239413030748,2.53883063099128,0,3,1.82943647818449,-5.42684825927874,0.0717513623871287,0,-5.16005061759268
-1.3523892685388,-0.11890837720389,-0.684946422432144,1,3,0.286549736776658,-2.07368580877873,0.12941239371621,0,-3.19235885338624
-0.528734284841561,-0.0631744477972701,-0.947016772381333,0,1,0.87365110440546,3.50072023587801,0.93060262102425,0,4.38614403606938
-0.427255999512102,-1.38395046930347,-1.93803642318877,0,2,-4.53580187721387,0.828037689080376,0.760750735620663,0,0.590252717150422
0.299440843328824,-0.168034353603813,0.558750734116578,0,3,-0.00820612162287992,-2.83268720896553,0.0653779361533419,0,-2.91025906105933
1.09072292337689,-0.724076842843938,-1.89365436531106,1,2,-1.89630737137575,-2.06545222519749,0.05196272025932,0,-2.34223424227659
-0.203185718935074,-0.361387482076523,0.222428265935791,1,2,-0.445549928306092,-0.0451942471256456,0.478624788907073,0,-0.67362100960842
1.90796414379795,0.711739742018301,1.23252967715184,0,2,3.8469589680732,2.35162243017258,0.857563625118393,1,5.99451039221431
-0.22692452409324,1.10506450953177,1.28051450586179,0,3,7.63038705719064,-3.29058014483718,0.0850316552244947,1,1.68373077022686
0.784499012683548,2.66641951138988,-0.874281086097591,1,1,6.33283902277976,2.31412735114854,0.88247824142922,1,8.96367188423203
-0.883281572520055,-0.637006774098413,1.01244239617474,0,3,-2.82204064459048,-3.8942717117792,0.0733075815973242,0,-4.58012560729207
-0.587756878028772,0.615571689827535,-0.853778294669881,0,2,3.46228675931014,0.501814065003898,0.69900010625322,1,3.78257725781723
-0.496727632497472,-0.141264011638259,-0.257274826708908,0,1,0.717471976723481,3.12779551557231,0.865127136808188,1,3.58041436680246
0.0630033422821099,-0.00251032691714579,-1.30393431791436,0,2,0.989958692331417,-0.082152220144948,0.480523313791859,0,-0.833798598102495
-1.38043531416852,-0.32029280577667,-2.18774039743797,1,1,0.35941438844666,6.02003410285645,0.881857324740808,1,7.43790361165661
-1.87529798608859,-0.422278059305139,0.726524729974901,1,3,-1.53366835583083,-4.36245036296549,0.134165612432268,0,-4.65975703130964
1.4721703951495,-0.18529316225565,1.15978791938252,0,1,0.6294136754887,4.70740543956698,0.876313885751255,0,6.56020132001871
1.51197409314461,-0.74988788045978,0.404621280953598,0,3,-3.49932728275868,-2.38822310566317,0.10901158289653,1,-6.46709230924067
0.883326034131339,0.195539910770847,-0.401351142085882,0,3,2.17323946462508,-3.35452391263281,0.122573092155022,0,-3.54943102869711
0.142065209078143,0.347885737238903,1.11173949031637,0,1,1.69577147447781,3.15793950313222,0.913124622846162,1,4.7986681412867
-1.35499257392493,0.0778480050549362,1.86540357653976,1,1,1.15569601010987,0.472392006415615,0.854523696328204,0,-0.118267948230152
-2.14423224641361,1.47616428277932,1.54232083599383,0,3,9.85698569667595,-6.30709407085357,0.0952846992538434,0,-6.65421159007979
-0.460888098239844,1.8288112848788,0.195610076883133,1,3,11.9728677092728,-3.09015435633122,0.12891598493149,0,-2.75561754231005
1.33983885522919,2.59069835961864,0.759875518485656,1,3,16.5441901577119,-1.98188925519549,0.0901902644047981,0,-2.00737298176155
-1.31963023936465,0.663474474017007,0.226264146993555,1,1,2.32694894803401,2.70141498954326,0.904792691502743,1,5.51565113936217
0.790908459601312,0.644945332510454,-0.0495919042276689,0,3,4.86967199506272,-3.0392226565814,0.117691481884762,0,-2.09224107307183
1.10580319838207,0.172910328500282,1.70589818115099,1,2,1.69164131400113,1.88638766483092,0.834047549962639,1,3.4483243312656
-1.13704022591222,0.0734658781952812,0.723770449364118,0,1,1.14693175639056,2.17704388474643,0.877520295429578,1,3.82365125246383
1.63436091889306,0.404466964565107,0.178762741638073,1,2,2.61786785826043,0.292162838687444,0.345422055915357,1,3.52243934631277
0.76384143065419,-0.353825040601008,-0.559346312824846,1,3,-1.12295024360605,-3.42725188781928,0.129448218454045,0,-4.14538538784876
1.35106890054366,-0.617858540811651,-1.11169518064288,0,2,-1.4714341632466,-1.50197678545086,0.131092467549268,0,-0.224909878905813
0.615475678230002,-1.18482768880715,-0.618386549940951,1,3,-6.10896613284288,-3.38060188123322,0.0875947386269935,1,-9.6521185048904
-0.0539454188609048,-0.227249427979369,0.520663230256429,1,2,0.0910022880825236,-0.0280873960416548,0.491287311632104,1,-0.182325171350197
1.10525189878991,0.31861548524397,-1.60110979290471,1,1,1.63723097048794,1.23037036122096,0.761015830523321,0,2.93931450851289
-0.0974882949502869,0.800200228671835,-0.338066941231735,0,1,2.60040045734367,3.03295756967974,0.892250703338177,1,4.84024518366669
0.65970442938602,-1.20907527556322,-0.742879628539805,1,1,-1.41815055112644,2.50991901855165,0.942974802367438,1,2.06600969378808
-0.0376376926895705,-1.30963208617935,-2.23239368053499,1,3,-6.85779251707612,-2.91597785268988,0.0791870189997066,0,-3.27122768808249
1.74240563112735,-0.45683565080812,-0.511607129547019,1,1,0.0863286983837607,2.10857285655238,0.845797772830444,1,0.667336975269723
-0.343343881206408,-0.152501986995823,-0.0535752761368903,0,3,0.0849880780250647,-2.98160525675446,0.0877638642646688,0,-2.62902643477517
-0.624701862341538,1.34570211601983,-1.31192534120103,1,3,9.07421269611899,-2.18043779609866,0.0884075205548488,0,-1.62189524702926
0.320859337222126,1.05778247345998,0.677232350490695,1,2,5.23112989383991,0.217296323123827,0.545866505035034,1,4.59603556943952
0.792299647529871,0.813335378720779,-0.77029331488429,1,1,2.62667075744156,2.38969687812256,0.924359376715461,1,2.51588140808489
0.0819261406356332,1.94544011868465,-0.607625475480748,0,3,12.6726407121079,-3.04978041015803,0.0879991591937047,0,-1.48704189867348
1.18129798287492,1.76979343337358,1.37232496364298,0,3,11.6187606002415,-1.37887528859965,0.0935348812481214,0,-1.05109410094911
-1.23108011013334,-0.300650817264933,0.285801202160274,0,2,-0.202603269059732,-0.351844175431711,0.542773632367119,0,0.602002954758117
0.277680979612203,-1.05945786144135,-0.120676642837713,0,1,-1.1189157228827,2.96649039160051,0.923372193169883,1,2.79642003982844
-0.630779973207364,-1.27583509910125,-0.423051950557296,0,2,-4.10334039640501,0.266852698037854,0.635017971394094,1,-5.3144190317488
-0.575109818036471,0.192705940785703,-0.234444586525369,1,3,2.15623564471422,-2.86516861650376,0.0809825268308281,0,-2.93646693677617
-1.73664009538234,1.08971252322569,0.123966275236578,0,3,7.53827513935413,-3.21528480405104,0.145867825422435,0,-3.13212120543901
-0.201815841004914,-0.389073729494858,-0.541911542218538,1,1,0.221852541010285,3.1093663336431,0.900412606001934,1,3.52593711734254
-0.36432924721145,1.16732497701562,0.0683088743086667,1,3,8.0039498620937,-3.02488692075474,0.135291526721243,0,-2.81560992899273
0.618030162719152,1.01556359963226,-0.0941283030818253,0,3,7.09338159779354,-3.05817413047014,0.107552067089677,0,-2.42132154040535
0.810062951551246,0.166165079315369,-0.233574634811834,0,1,1.33233015863074,2.81078984191682,0.907409638121505,1,3.78896200661113
1.92014358737473,-1.72718119609126,1.85951935517205,0,3,-9.36308717654756,0.570544165432809,0.384484282418292,1,-8.10224529394232
0.28580780671394,0.450272027296396,1.51363520041521,1,3,3.70163216377837,-2.56739124320431,0.11488064802465,0,-1.45900225990137
0.235041344650894,1.12613328608649,-0.107263610084149,1,1,3.25226657217299,2.97478861685371,0.945388687957416,1,7.18910659683389
1.26816715565037,-1.51553098211435,0.375092800554358,1,2,-5.0621239284574,0.475680369983952,0.495672256454824,0,0.373646787602881
-0.339340141017943,0.663258694100088,-0.625744992669317,1,1,2.32651738820018,3.21234039405368,0.887836928322425,1,6.95263361452881
-0.770779376867835,1.68962236968195,0.805467150775592,0,3,11.1377342180917,-3.62083746856232,0.0960929788493273,0,-4.7635490558303
1.18323092303863,0.31188140683522,-0.173060664300599,0,1,1.62376281367044,2.79522927043792,0.895462949421145,1,3.6743220108374
0.296726607638598,1.03934377893302,1.52029219229788,0,1,3.07868755786603,3.45111114484,0.890868237380718,0,3.71911501393577
-1.62759418555359,-0.311639508695124,-0.400837600353337,1,3,-0.869837052170745,-2.34759905231366,0.15286868422462,0,-2.94092331348942
0.640898356950546,0.914563464380727,-1.02688965106359,0,2,4.65825385752291,-0.658131890136177,0.248885576860872,0,-0.490187722162816
0.1669453091884,-0.473983877372362,-0.0668629386583724,0,1,0.0520322452552764,2.98883754603243,0.925647912312938,1,1.87102147431319
-1.01165913830661,-1.12559634561983,-0.187929883684101,1,2,-3.5023853824793,0.190120984189919,0.749377726631067,0,-2.59681148534408
0.38507141035537,0.954540117559253,0.170981160941703,1,2,4.81816047023701,0.06583995678802,0.467489996371401,1,4.01935050416115
-1.15218082931351,1.43024466159316,-0.914689349022603,1,1,3.86048932318632,4.0538875327211,0.85607124153362,0,3.83908560922183
-1.78436687694312,0.815861446117119,-0.0281434312893301,1,2,4.26344578446848,0.0502182065962053,0.757246385243774,0,0.007664333557836
-1.47680970602721,0.212646575519264,0.508298474006204,0,1,1.42529315103853,2.24933988002882,0.853048608377176,1,2.9019659922345
2.13835811862227,0.281249940248275,0.0625981912943273,0,3,2.68749964148965,-2.86614264943471,0.134499808596118,0,-2.13712947975643
0.466024722127355,-0.386286029517193,-0.892023271566993,0,1,0.227427940965613,2.58429510273686,0.91243661179893,1,2.38592244485295
-1.09331197568738,0.855575205415463,0.524480413140324,1,3,6.13345123249278,-3.57342071669978,0.113879264036636,1,1.48594494214721
-1.11191309862083,-0.879594518325928,-0.498869540294769,0,2,-2.51837807330371,0.554699576356706,0.765088461090777,1,-2.71143210435983
-0.0499021368187905,-0.756107438581648,-0.321615689412917,0,3,-3.53664463148989,-2.98395068986385,0.134459498463328,0,-5.21074176433802
2.15456694269295,-1.67066988909401,-1.60945774743737,0,3,-9.02401933456406,-6.46768445828963,0.0530728496378288,0,-5.2790046988018
0.790415985435881,0.894416755440745,1.7971896344396,0,2,4.57766702176298,1.42052741592073,0.789579823748537,1,4.86588461648319
0.517306260907123,0.660743175217396,-0.332300212489657,0,3,4.96445905130438,-3.17190098042167,0.122960166748891,0,-4.39714449549101
-0.306258483992694,0.912802312276973,1.46431007995745,1,3,6.47681387366184,-3.44845738518299,0.148321633797611,0,-5.70067288945892
-0.821303151037763,-0.113865353364542,-0.438040922266345,0,3,0.316807879812749,-2.64023561025916,0.0852058271413792,0,-2.04489067719476
-0.074300588454414,1.0059877961,-1.50918559085025,1,2,5.02395118440002,0.112133377487096,0.596670167774925,0,1.60799013209411
1.50457482083653,1.00190695115861,-0.363023493837224,1,3,7.01144170695165,-3.54619600819959,0.0919244930805689,0,-3.22319437707237
0.335814761927796,0.386424657758877,1.92405896235271,1,1,1.77284931551775,3.64612740237752,0.867747921808192,1,6.89760690613519
-1.62045618643114,-1.33945434064324,-0.947483400725488,1,2,-4.35781736257296,1.53535533824643,0.877442330290041,1,-3.19117955935514
-0.586059850092232,1.49952838390699,-0.0917315546083508,0,2,6.99811353562795,0.0537601811424975,0.598271931066046,1,8.36738966663208
0.101038309331953,-1.23788462425848,0.113428079335478,1,3,-6.4273077455509,-2.98853941863317,0.0854807394834537,0,-2.12827377325667
-0.669469096775017,0.751594716333682,0.0742562615690231,0,3,5.50956829800209,-3.0497122723625,0.0742281990389494,0,-3.33035985865964
-1.52632448003058,1.18014303940872,-0.404357580938242,1,3,8.08085823645234,-2.38281912552802,0.139863655838758,0,-3.4160729206916
0.854277926520331,-1.58506359254449,1.61886636384252,1,3,-8.51038155526692,-1.61703819938311,0.150030539273194,0,-2.05231811562774
0.306296146327006,0.647348320472251,1.16002486922096,1,1,2.2946966409445,3.35531114708587,0.859407163187923,1,6.6857444146263
-0.584644481219143,0.495924451323711,1.15485532156502,0,3,3.97554670794226,-3.67517979035955,0.112189562709043,0,-3.75592560868394
1.6462215118681,0.203136035289638,-0.224154048660399,1,3,2.21881621173783,-3.36900721687708,0.144305068951801,0,-3.46508822677113
-0.31161452166965,0.675550518844048,-0.589381427745261,0,1,2.3511010376881,3.18365981168781,0.907255430707645,1,5.81181703955965
-0.60499643738553,0.530019082271994,0.781874957573256,0,2,3.12007632908798,-0.473031563812782,0.403169231549463,1,3.33301957710428
-2.08281825797881,-0.394850016257718,0.261107065586335,1,3,-1.36910009754631,-3.54383856349049,0.0733803043958177,0,-1.87723127575063
-0.275755148416981,-0.382056575124801,3.78930718191097,0,2,-0.528226300499202,-1.04492096434539,0.227244489253526,0,-3.67544779085677
-0.00943712177421432,0.113008469595501,0.149913364185787,0,2,1.452033878382,-0.00141475067340341,0.547128714955001,1,1.08672344801887
-1.47596121437079,-0.0765316428876463,-0.0485533423783934,0,2,0.693873428449415,0.0716628501785743,0.778123739013456,1,1.53850788987341
-0.44463015956759,-0.386354506346219,0.131315051390254,1,2,-0.545418025384876,-0.0583866322532748,0.587757213762741,1,-0.416883212880576
1.4505029348335,0.424749045593383,-1.02313371602332,0,3,3.5484942735603,-4.48405845781894,0.0533491529033948,0,-5.0127616687005
1.64911166884464,-0.805884019588722,0.970638400208641,0,2,-2.22353607835489,1.60069111201276,0.783214369158072,1,1.56201267645903
0.0593379683898037,0.926328505333319,0.650219301869064,0,2,4.70531402133328,0.0385826923807468,0.488046149009713,0,0.340306836107661
1.94931164947162,0.746850549364691,0.265965776821147,0,1,2.49370109872938,3.51845018711823,0.944316478659444,1,7.7141622159784
-0.0207498863127159,1.42062528364511,-1.34261694365316,0,3,9.52375170187064,-2.97214085105767,0.13148285224267,0,-3.78936586866726
0.926510960994394,0.892851899991418,0.587130788117587,1,1,2.78570379998284,3.54398311072822,0.906306551225584,1,6.8646144310582
1.44281141652172,2.80629391989481,0.582172486324547,0,2,12.2251756795792,0.839965109653888,0.532056495589087,0,-0.463545306812216
-1.768179889579,-0.527092825747123,0.938923608894841,0,3,-2.16255695448274,-4.6601858430988,0.0846441909296265,1,-6.76821014402276
-1.33883036419952,-1.78493476023123,0.266455225856674,0,3,-9.70960856138739,-3.35673834707656,0.111219687071514,1,-15.2567300274596
-0.373995631437873,0.54749075732507,-1.22258217825438,0,1,2.09498151465014,3.45724039374093,0.850559756660256,1,4.61070433121379
-0.720974421442316,0.234564597138289,0.643409925598708,1,3,2.40738758282973,-3.46388209885877,0.0846059284431825,0,-5.09014818204817
0.468948088137096,-0.401091516235167,0.215566217180249,0,3,-1.406549097411,-2.89891063458638,0.0678551195993442,0,-4.66744515210835
0.900435182863518,0.150827266900084,-0.446404493620962,0,2,1.60330906760034,-0.401958311844687,0.260917269178412,0,0.171455882282525
-1.59626026673319,-2.21083091787574,-0.203270369818535,0,1,-3.42166183575149,3.32447241474549,0.853924307266439,1,0.372423788318958
0.587209386609601,1.76066312914518,-0.887492446854759,0,2,8.04265251658074,-0.521143895338237,0.253382100785526,1,7.15948160382289
1.62402767373409,0.691981717609658,0.172088579083496,0,3,5.15189030565795,-2.72052338523482,0.0509987280339837,0,-2.29373740660039
1.71921598163529,0.462787113477043,0.839612343241242,1,1,1.92557422695408,4.4434749588786,0.854715996258638,1,7.05121057021569
0.71904723777118,-0.564667016770518,-1.31265330332634,0,1,-0.129334033541036,2.05614026809198,0.829699187138392,1,0.835613072736096
1.04949012007668,0.0193634649363448,-0.667938633936741,0,3,1.11618078961807,-3.70099499713412,0.132769523695147,0,-2.96260984412947
1.22581445508726,-2.19883709176908,0.0811019868606229,1,1,-3.39767418353816,3.09941598783005,0.876770425871548,1,-0.0165698799062888
0.534730048382923,0.461536257109052,-0.660001626744612,0,3,3.76921754265431,-3.35292270180195,0.0692523716367893,0,-2.84192698172183
-0.73982168058816,-0.695981971204441,0.844308949094421,1,3,-3.17589182722665,-3.62463806565466,0.113726369915461,0,-2.94645852684375
-0.511574764254574,-0.528020042190667,-1.6748866935325,1,3,-2.168120253144,-2.14317023460299,0.136209702249836,1,-3.35008106975901
0.168034575939019,-0.469270303853686,-1.05392794685964,1,3,-1.81562182312212,-3.17709633562084,0.0688340086393098,0,-3.57687319452969
-0.297868124019705,1.69182083899524,-0.113359784552382,0,3,11.1509250339714,-2.9662337336361,0.0807437500467354,0,-3.33429898996324
-0.214328163702407,0.865720798580183,0.324223520088076,0,1,2.73144159716037,2.93050976831039,0.908442728483556,1,6.73937109908456
-1.55574787443642,0.389973446538608,-0.358747843010446,1,2,2.55989378615443,0.558121194222154,0.868494931980138,1,3.59151722539005
-0.356430328595656,-1.09419117007751,1.84246395087635,1,3,-5.56514702046505,-3.65671003143651,0.0632683314471221,0,-3.69364652593448
0.477222048611803,0.475678232216443,-0.104898382889014,1,1,1.95135646443289,2.94994017882164,0.935641057681866,1,5.66330997376476
0.485097345017156,-1.77896087898691,-0.404814776680423,1,3,-9.67376527392145,-3.19637457339139,0.139867216883688,0,-3.84278474134452
-1.68984291984748,1.07709314705708,1.31903084505092,1,3,7.4625588823425,-5.22895493456975,0.14609539594593,0,-3.23954558338661
-0.799228711614378,-0.199985190663379,0.383311330933157,0,3,-0.199911143980272,-3.3063534211689,0.0608847181568864,0,-3.81576154745
-0.654936575686615,-0.0239600324354916,-1.02483222502482,1,1,0.952079935129017,3.67120010811105,0.856471898491679,1,3.44382992591088
-0.390386686977534,1.87820868584338,-1.61537874522025,1,3,12.2692521150603,-2.36937764343954,0.141889547840099,0,0.456294897269101
0.776138513022877,1.58083656417202,-1.81293631540011,0,3,10.4850193850321,-4.40708969603981,0.11916888203364,0,-4.13152610865811
1.1991704771851,-1.10426155849894,0.674987988610229,1,3,-5.62556935099362,-2.19057433160406,0.0921149235319318,0,-2.3666466715448
-1.67470182992014,0.451489327984245,-1.2124908961194,1,1,1.90297865596849,5.03056072249267,0.876628003976262,1,5.99875682016543
-0.0889978744710843,1.96811207672584,-0.307801569423378,0,2,8.87244830690335,0.0273936854375445,0.483665482252531,0,0.855468722338007
-0.796719688151289,0.565834821413879,-0.544122052204817,1,1,2.13166964282776,3.43351275174886,0.943851452170645,1,5.89814280646051
1.61006026304154,0.332742947748732,1.39606287712785,0,2,2.33097179099493,2.247745363171,0.884436079601388,1,3.11097148010508
0.870373256199656,0.110530688846138,-0.0519622229870082,1,2,1.44212275538455,-0.0452265292205749,0.371885616768221,1,3.18665519030347
-1.70809798748987,0.193072743847149,-2.77539409367377,0,3,2.15843646308289,1.74064506589545,0.940199325162269,0,1.31137756061327
1.38977343045052,-1.35401119063871,0.874521459357633,1,1,-1.70802238127743,4.21538668857405,0.897949639666567,0,4.16736536414323
0.603762863725832,-2.36028754364634,0.284333606521954,1,3,-13.1617252618781,-2.82832992747281,0.0913333553880195,0,-4.38003747364458
-1.5354177901282,-1.69168311676712,-0.107783229370145,0,1,-2.38336623353423,3.16549228785239,0.934500161287803,1,0.519881830327162
1.21960044604716,-0.124988744075241,-0.101926622762134,0,3,0.250067535548553,-3.12430975458478,0.121809572646392,0,-3.73246202798077
0.594649768158334,-0.0850603549426757,0.792463274642974,1,1,0.829879290114649,3.47123810254044,0.917565232891459,1,6.59233719856803
1.15325706305733,-1.25744830699957,0.531151052683951,0,2,-4.0297932279983,0.612553703058103,0.534923495066895,1,-0.966179822838709
-1.1182481760412,-0.225510361118369,-0.257185217163706,0,3,-0.353062166710215,-2.71240310000192,0.107984602430339,0,-3.62587838400521
0.170510760721399,-0.149585588091676,0.0641464201494491,1,1,0.700828823816648,3.01093765489724,0.908492342433873,1,3.71556533245755
0.233806799394207,-0.593803992932301,-0.221259458782536,1,1,-0.187607985864601,2.94826803410636,0.937551237945989,1,2.13796921521364
1.00494181230345,-1.9552700068499,-0.12190930749743,0,1,-2.9105400136998,2.87748823958687,0.885629472817258,1,0.743661034421529
0.928747038899121,-0.363071074748838,0.539285160459446,0,3,-1.17842644849303,-2.49914050410105,0.0801810504813371,0,-4.19980748257219
0.361992115564286,-0.621688160994035,-0.0426802161785285,1,3,-2.73012896596421,-3.01544990174721,0.0817346476452515,0,-1.90295564790552
0.359454929966087,0.883947922252502,0.880845419743871,1,1,2.767895844505,3.31662422866498,0.850643904655779,1,5.07362643110114
-0.312405164395318,-0.33117842534105,1.39307514668843,1,1,0.337643149317901,2.56479612978377,0.868216616471883,1,4.41363264926922
1.28160781259713,0.34890399007462,0.411493693858082,1,3,3.09342394044772,-2.47262646711703,0.0692015580146337,1,-2.01239074298718
0.52007264276864,1.11329752232752,-0.135647855556835,1,2,5.45319008931009,-0.0705467387253419,0.396010109113517,0,0.635090623510974
2.69584199263673,0.200540351388573,-0.493617661731901,0,3,2.20324210833144,-4.33071522080401,0.123800827765056,0,-4.61048171056179
0.412350910067743,0.93193880393052,0.0453869517258157,0,1,2.86387760786104,3.01871535084934,0.867425628962292,1,3.78861415000887
-0.0914652186931398,-0.962575841371539,0.341718687492209,1,3,-4.77545504822923,-3.03125537448301,0.137483974747473,0,-2.7495981493735
0.42679397130628,-1.4575437903845,0.0454829978415116,1,2,-4.830175161538,0.0194118692756937,0.457372107220271,1,-6.67991713927635
-1.74520007909019,-0.314690818489362,0.0808543424572785,0,3,-0.88814491093617,-3.14110700485123,0.0551488744582479,0,-2.52100860178671
0.851163034626103,0.981109652316213,-0.775740887752251,1,3,6.88665791389728,-3.66028196810275,0.0970289293691092,0,-5.13129732566894
0.148064454247092,1.08258376223244,0.814176605369115,0,3,7.49550257339467,-2.87944938526527,0.0968440240197856,0,-4.30735786550485
-2.13188963734203,0.333150158656073,0.583392139131506,0,2,2.33260063462429,-1.24372765592126,0.348772304574907,1,1.05365637127754
-0.387373334052062,-0.871841393800266,0.608475654824562,0,1,-0.743682787600531,2.7642927569011,0.876076747692571,1,2.55829034084019
0.372696020767589,-1.14867559900796,-1.93198862656239,0,1,-1.29735119801592,2.27995552671196,0.842987783311943,1,-0.0272560584913721
0.728562271123033,1.04282642334576,0.306435684293838,0,1,3.08565284669152,3.22325747810226,0.858944597445628,1,4.26164703854067
0.789770439294062,-3.32055949297116,-0.808114805559993,1,3,-18.923356957827,-3.63822518498715,0.053571788040837,0,-3.52883171280601
-1.45377270541007,0.625730515409648,-0.993819998086991,1,1,2.2514610308193,4.44478838730955,0.919894253287011,1,7.8835724422901
-0.293773719585665,-0.403544592413826,0.955668188730857,0,1,0.192910815172348,2.71924980150684,0.860675993399793,0,2.55689871369454
1.15666965564006,-1.23545695811962,-0.155288851272487,0,1,-1.47091391623924,2.82038209787391,0.86706872404469,1,1.09098798769689
-1.01963484302015,0.787269794138638,0.526760566371525,1,3,5.72361876483183,-3.53710342740143,0.0790284157971333,0,-2.78030247398193
0.650977514581263,0.474174634027511,0.409844025469837,1,3,3.84504780416507,-2.73320075493367,0.129238728667204,0,-4.23438044157411
-0.427438558138037,-0.352857416253473,-1.06985298281881,0,1,0.294285167493054,3.45729641639575,0.914785542886315,0,3.44015789312737
-0.335577169141982,0.0177696160121368,0.803753060704676,1,3,1.10661769607282,-3.26972117680048,0.113574115852907,1,-2.90416680815063
0.652870833310489,-0.308963949895373,1.26383524064563,1,1,0.382072100209253,3.82512116672747,0.859772186119464,1,5.65821186016271
0.391860860232066,3.2490595859797,0.507845134376608,0,3,20.4943575158782,-2.80099536877851,0.125236892270079,0,-4.60593131481545
-0.619716309571425,0.535302781310207,-1.42928670726796,1,1,2.07060556262041,3.8857522835476,0.851945573276997,1,4.25993025828158
0.494066871717674,1.13220178483402,-0.00158173427902887,1,1,3.26440356966804,2.99921851749287,0.939935086559993,1,5.23065949035403
1.28515217671797,-0.654896763734513,1.45249739693061,0,2,-1.61958705493805,1.86668019134256,0.852847372702743,1,-0.866361653277405
0.249289204401814,-0.080629564791129,-2.10955863946523,1,3,0.516222611253226,-3.52589019487126,0.122538937534032,0,-2.26193043725882
2.65807695523522,-0.110253524185961,-0.149841199193417,1,2,0.558985903256156,-0.398289438520833,0.137926144848245,0,-0.872899015246323
1.00193287070519,0.579037883737878,0.390288600341184,1,3,4.47422730242727,-2.60895702225665,0.0635027092860844,0,-2.76839628032568
0.353019577369673,-0.185388631995138,-0.384102013186817,0,2,0.258445472019446,-0.135595530362051,0.369082677675186,0,0.253858462810394
-1.605562007472,0.477037823764521,1.16764611395849,0,3,3.86222694258712,-4.87472823874407,0.0707658558587045,0,-5.84792231726874
-0.665102484709354,-0.587959473230431,1.90534320140392,1,2,-1.35183789292172,-1.26724849747782,0.219773467981742,1,-1.5504081723354
0.595641301749422,-0.11550261481958,-0.492959179424757,0,2,0.537989540721682,-0.293626847341889,0.279790497203658,0,-1.04763607416715
-0.178081352631296,1.00949623435289,-0.404197101129511,0,2,5.03798493741157,0.0719799664987922,0.540307045426767,1,6.23162283478066
0.216985399058198,-1.40136633047774,-0.288875396047216,0,1,-1.80273266095547,2.9373182569106,0.858164853176221,1,1.1709712633508
-0.224662494132751,0.53541781369516,0.423240751746488,0,3,4.21250688217096,-3.09508632290599,0.145045220938994,0,-3.0140323934726
-1.18338852160298,-2.07031277641346,-2.10701072515499,0,3,-11.4218766584808,-0.506587692957214,0.505385674451466,0,-1.10259480176018
1.18819185089728,1.86238941788551,-0.901530245231625,1,2,8.44955767154203,-1.07119089072164,0.121712073026187,0,-1.32505285224025
0.460425349703775,1.73420193557788,0.252536456861736,1,1,4.46840387115576,3.11627418646352,0.903774361945034,1,9.0708254474449
-0.968578059824455,-1.08969903146968,-1.12885689117455,1,1,-1.17939806293937,4.09338601747331,0.863201755656826,1,2.00911632030869
0.117285188442254,0.461080800021804,0.946792350236599,1,3,3.76648480013082,-2.88895528078682,0.105453968447902,0,-3.02712240652285
-1.66506637563514,0.0359215538148742,1.08016464019595,0,1,1.07184310762975,1.2014541774597,0.918393815586826,1,2.50928067270378
0.170341189698978,2.06471652380484,0.16077795697951,1,1,5.12943304760968,3.02738710846926,0.942747556604192,1,5.73152246083133
0.594947104399753,0.343979614158079,-0.0258472453358877,1,2,2.37591845663232,-0.0153777437692964,0.432213951263297,1,2.55661161093597
0.509482481853029,0.343288576809096,-0.236130285669576,1,2,2.37315430723638,-0.1203042439836,0.42728217253647,1,2.38230606604333
-0.606523704109268,1.3901660739023,-1.54712578500915,1,1,3.78033214780459,3.93836846184671,0.931070136204301,1,7.05594338216384
-1.48354915266769,1.17542695159862,1.29354085407423,0,3,8.05256170959169,-4.91903143800287,0.104374975352531,0,-5.39247549873074
1.77354183822179,-0.0797777363864788,-0.503568149071029,0,2,0.680889054454085,-0.893099180773378,0.151849749201949,0,-0.988749790235068
-0.480869480445531,0.650755155765942,-0.515836237854886,1,1,2.30151031153188,3.24804990369226,0.940791608805053,1,5.78218711854449
1.32902004182817,0.660943310073007,2.01614767311353,0,3,4.96565986043804,-0.320499335146899,0.180743088581695,0,-1.0828820111085
0.544688303362848,0.658901354522658,1.58274034001024,0,1,2.31780270904532,3.86210015046412,0.945555008448497,1,6.2098823810216
1.29892992980146,-0.0260456718002793,-0.279249663361783,0,1,0.947908656399441,2.6372742543724,0.905453388839529,0,0.706520073594462
1.09881660867344,-0.653022334537694,1.34401889609411,0,1,-0.306044669075387,4.47683028539915,0.871563710735329,0,2.93829861647949
-0.788809847479125,0.0584883712450701,-0.971622243639061,1,2,1.23395348498028,0.766425193812253,0.777310165990406,1,1.1846755255841
-0.261054177501683,0.748479929322896,-1.14376195653615,0,2,3.99391971729158,0.29858383682126,0.682217899035708,1,2.39453340852287
-0.972737796501832,-0.488557560106894,0.958803571262019,0,2,-0.954230240427575,-0.932664473187504,0.330529931219518,0,-0.37362677475108
-1.23493837596856,0.402981233422842,0.462928625433756,0,1,1.80596246684568,2.42831167511748,0.86962817198194,0,0.861310880961181
-0.503758586338046,0.149514823685516,-2.11762036060883,0,1,1.29902964737103,4.06676943926097,0.900682623807837,1,2.83828585252356
-0.922778885620052,-0.330759627447016,-0.692204536034969,0,3,-0.984557764682095,-2.36124826961651,0.126228432390143,0,-3.77456921924259
0.960633436100493,0.931802132793022,-0.489184248106269,0,2,4.72720853117209,-0.469926745144562,0.225201398224645,0,0.211462915636695
0.525210997678728,2.18249576875506,-0.276756584326024,0,3,14.0949746125304,-3.14535560176803,0.125234250855013,0,-3.22814300162188
0.893957740837054,1.2470306491446,0.704819241717283,0,3,8.48218389486761,-2.36992138297593,0.0735423266826449,0,-2.36176663830245
0.761688325676991,-0.486108524294709,-0.0495028247126045,1,2,-0.944434097178836,-0.0377057236716253,0.345627591675439,1,-0.558642155099245
0.111050779573474,-0.0810563593299575,0.717426827460526,0,3,0.513661844020255,-2.92032919152358,0.0752457547238481,0,-3.06918664573111
-0.551251321814761,-0.236760789541719,-0.636795159281485,1,1,0.526478420916562,3.35103417327916,0.855452425822108,1,2.24037501410051
-1.27055576337139,-0.558465210954101,0.7156487738872,0,3,-2.35079126572461,-3.90927167421205,0.0733334355296734,0,-5.43719247190045
-0.613088760478728,0.921168173108092,-0.508879913014981,0,3,6.52700903864855,-2.68801144489712,0.134168053627794,0,-0.542571308897175
0.272946034500539,-0.223810001629349,1.08699478351765,1,1,0.552379996741301,3.29669091568391,0.938363334985813,1,4.28166649189679
-0.759252077068424,0.734670956886914,-1.51808287296717,0,1,2.46934191377383,4.15260757446233,0.87431503898032,1,7.1962328515369
-0.709676832223105,-3.48553413597009,-0.560844339941195,1,1,-5.97106827194018,3.39801823453973,0.857913339335437,1,-1.63446792053142
-0.81622794327616,0.279150590722888,-0.0415311406824687,0,2,2.11660236289155,0.0338988775411643,0.605165205640275,1,1.06739022216178
-0.471425755401855,0.880724299495628,-2.09444613454368,0,2,4.52289719798251,0.987375851125749,0.782422738696636,1,4.74620308843857
0.787307211851183,-0.689520455347913,0.835722259930837,1,1,-0.379040910695825,3.65797016234812,0.946594947775853,1,1.23175758130104
-0.877809501869899,-1.26350000693135,-0.508098150212223,1,1,-1.52700001386271,3.44601338413881,0.924704868373764,1,2.30261349073616
-0.928383714551096,1.04914329239842,-0.265255961917326,0,2,5.19657316959367,0.246259315231631,0.736811281345141,1,6.65439969241698
0.0121438187351545,-1.51214596378922,-0.201001502126106,0,3,-8.0728757827353,-3.00244092580731,0.0836309814026732,1,-11.0414420288652
0.921655938566296,-1.47580150959871,-0.729722261423583,0,2,-4.90320603839483,-0.672552855745073,0.238892097562563,0,0.851255882373765
-0.513787615865281,-0.851029484478869,-1.20553419948588,0,1,-0.702058968957739,3.61938854219791,0.887099855721464,1,2.0327228253975
0.603688666975199,-1.22253896292134,-1.64517642132852,1,1,-1.44507792584267,2.00682563926916,0.845751191267711,0,2.08608245833135
1.46922120369175,0.207083059275279,-0.0127283275850351,0,1,1.41416611855056,2.98129927122453,0.940434124995381,1,4.2366989300444
-0.788275589266095,0.891794550523388,0.916638421910471,0,3,6.35076730314033,-3.72256369217542,0.0607624861777093,0,-2.73654572047727
0.205948224388316,1.15037141283184,-0.0987688939927475,1,3,7.90222847699106,-3.0203412783426,0.0506670812515833,0,-2.94006624903386
0.490200924294422,2.27584339726009,0.559480775875877,1,3,14.6550603835605,-2.72574200654068,0.0905968203044624,0,-2.41191771709264
-0.160868554658913,-1.16775655656909,-0.1898862487759,0,2,-3.67102622627635,0.0305467263901818,0.503811773740848,1,-3.71189598198127
-0.578686735286709,1.57962850243397,-0.015490909777296,1,3,10.4777710146038,-2.99103561599436,0.131538721726649,0,-3.89497200193493
-0.938166838667898,-0.0730220732437108,0.382674341638634,0,1,0.853955853512578,2.64098762266556,0.897698430009246,1,2.8602406426003
1.05506676368618,1.51640106044321,0.419348275943488,0,1,4.03280212088642,3.44244042835708,0.903134414061876,1,7.40238966911061
0.840753773039083,-2.30286874063022,0.297225358092483,1,1,-3.60573748126045,3.24989334125915,0.923346276642173,1,0.534803425473078
1.3135426878599,-0.941349372854616,-0.266826815939892,0,1,-0.882698745709232,2.64951158699722,0.897341731457963,1,0.138282097035114
0.733430017563543,1.4286633725027,1.96459179551245,0,3,9.57198023501619,-1.55910940491211,0.148649048613452,1,8.66078989301283
1.26169396152024,-0.00943479280144129,0.805927196000118,1,2,0.962260828794235,1.01683347661829,0.620177389378123,0,-1.62558962505054
-0.742187644565767,0.844016285573192,0.212917314936028,1,2,4.37606514229277,-0.158024600459638,0.60317696352677,1,5.05349496434399
1.33840930640769,-0.773385190469877,1.4083898066401,1,1,-0.546770380939755,4.88500202425683,0.888566169653587,0,5.21411419126991
-0.211072834578362,-0.830590866399761,0.768514548704391,0,2,-2.32236346559904,-0.162212544209746,0.485711199583864,1,-2.1533477869882
-0.160280734481903,-0.179875827755734,-0.783328818580705,0,2,0.280496688977062,0.125552518382957,0.523958582896953,1,-1.857873388832
0.39642947927238,-0.390924066831165,-1.36524133712441,0,2,-0.56369626732466,-0.541221912357359,0.289807367415533,0,-0.218041371306737
-1.31729643327285,0.451360371462974,0.418311388440355,0,1,1.90272074292595,2.44895990001011,0.904169187569812,1,2.6886000823036
-0.738273804084159,0.0905423907320302,0.562147792640514,1,2,1.36216956292812,-0.415018989330225,0.490943424933234,0,-0.893453641389824
0.923546593415722,0.51368547063915,-0.0262420451359932,0,2,3.0547418825566,-0.0242357513896081,0.381692929611814,1,2.21661613893915
-1.89447211342116,-0.749729171012889,0.821563471138121,0,2,-1.99891668405155,-1.55642908547666,0.310287982768372,1,-3.49713595410901
-0.435434321158299,-2.0992802511375,1.61126015649244,1,1,-3.198560502275,2.2984020275483,0.886455666579067,1,-0.737821197166793
0.479721681437573,-0.276160625151431,-1.90119281497475,0,2,-0.104642500605724,-0.912043413936719,0.188688575997781,0,0.200065892694295
-1.21843366750649,0.465857042692848,-0.744830032048067,0,2,2.86342817077139,0.907525987617305,0.875047546774012,1,3.44199999436133
-0.36907860055023,0.2451776766612,1.2330333694574,1,2,1.9807107066448,-0.45508623043107,0.417969101884614,0,-1.12758604477501
1.30820398916102,-0.751515819358356,-0.0109845280806224,1,2,-2.00606327743342,-0.0143700034541215,0.339764314254361,1,-2.89970022666098
-1.85918221146274,-0.655064376174262,1.41730324864559,0,2,-1.62025750469705,-2.63502498813024,0.118020137461416,0,-3.03256546405061
-0.300653645527745,0.260248677380045,-0.320653480911505,1,1,1.52049735476009,3.09640563798721,0.884598540860359,1,4.40802352068676
0.248920092274135,-0.77634769343542,0.473271159746971,1,3,-3.65808616061252,-2.8821932992451,0.122405068014379,0,-3.26932219300324
0.883597458367769,-0.552790032839591,-1.15282707301818,0,3,-2.31674019703754,-4.01863507165642,0.0897272764087997,0,-5.09836990062733
0.762282467604415,-0.0474498805399057,0.406029323210576,1,1,0.905100238920189,3.30950903441671,0.933418511740357,1,3.55359243926067
0.126953306315322,1.33121671679163,0.502786132587456,1,1,3.66243343358326,3.06383036190147,0.942542262436513,1,7.51858476106746
-0.241319830461026,0.0180024302912439,0.140555590346732,1,3,1.10801458174746,-3.03391885123282,0.100269898773126,0,-3.65398666262806
1.06430697854448,-0.0793784194941255,0.121182528247648,0,2,0.682486322023498,0.128975410491635,0.409357342210985,1,1.19656110567662
-0.174550859189406,-0.380643212940096,0.924305011993537,0,1,0.238713574119808,2.83866176600345,0.87761579564059,1,3.1525565843599
1.40397827162569,1.29435017601939,0.962963654514303,0,2,6.17740070407755,1.35198004730335,0.750473011242342,0,0.961277335025914
1.900356734989,-0.572368973685372,-1.46332577429096,1,2,-1.28947589474149,-2.78084099065681,0.0639563987271731,0,-1.60464798603851
-0.472177813361361,-0.980822227362032,-1.28307014686345,0,3,-4.88493336417219,-2.39416274366478,0.0832718966263155,0,-2.74073137805947
-0.459423404507021,-1.08542857879183,1.79576713715838,1,3,-5.51257147275097,-3.82501745185513,0.0604313745670959,0,-4.05888834663142
-0.00345716505693235,0.703027960003047,-0.362343033850271,1,2,3.81211184001219,0.00125267967525001,0.456712746613466,1,1.92447317092253
-2.62894880816246,-1.31268699660755,-0.152167073289635,1,3,-6.87612197964532,-2.59996055403364,0.107007513965028,0,-2.96491510344591
0.104889571633188,-1.20546931853701,-0.355608087393715,1,1,-1.41093863707401,2.96270042004398,0.853139581796111,1,1.60036605107568
-0.72013948035502,-1.07979310915858,-1.50113319222505,0,3,-5.47875865495148,-1.91897472300738,0.128372745899051,0,-0.232078822674974
-0.128028613610168,1.6411359929393,1.24395906507277,1,3,10.8468159576358,-3.15926235448907,0.0560569258943313,0,-3.38784744636777
0.606909946618211,0.942650067306297,2.10404793982587,1,2,4.77060026922519,1.27696762284187,0.756493765823674,0,2.29699286830631
0.616694756258704,1.58671399835766,0.380226339682925,0,2,7.34685599343063,0.234483589873901,0.469104769786072,0,1.10288034740855
-0.637028849887803,-0.517907929022771,-0.220898524141457,1,3,-2.10744757413662,-2.85928126722425,0.0517724537377218,0,-3.90370014210751
1.15966227453982,-0.0866932748152422,0.496419517920178,1,3,0.479840351108547,-2.42432101272272,0.0867830274352648,1,-2.091071116827
0.999004617541971,-0.275674316730047,2.08534150934164,1,3,-0.654045900380284,-0.916734203015761,0.195726527019843,0,-0.165713249668986
0.79985526701194,0.327031323577625,0.479320076536567,1,2,2.3081252943105,0.38338668780234,0.519416581210094,1,3.39846537283708
1.85720738487701,0.673037023799806,-0.788598553915445,0,3,5.03822214279884,-4.4645910580351,0.136051310104246,1,-1.44645531457126
-0.11617415433743,1.00262276364762,-0.48725866786971,0,1,3.00524552729524,3.05660686368335,0.905992289048945,1,6.48529419277482
0.562350085988479,1.93078688585226,0.0525692581504967,0,3,12.5847213151136,-2.97043767315872,0.10041212083544,0,-1.26021136868774
0.654134943198262,0.38034892549397,-0.435375707060481,0,3,3.28209355296382,-3.28479446340791,0.0774367186118045,0,-4.64450217485472
-0.330636857356028,-0.483391462824608,0.690211360415756,0,1,0.033217074350783,2.77179068488071,0.912334143230433,1,0.994935720956348
0.53226191342632,-0.762836996814738,-0.385108978679273,1,2,-2.05134798725895,-0.204978841869486,0.377534284065466,0,0.968740981151962
-0.0289970597188502,-0.000819230662731819,0.788732214129104,1,1,0.998361538674536,2.97712908488472,0.902945021963703,1,3.42940197203057
0.487198105185192,1.88723233012556,-0.271746543603707,0,2,8.54892932050224,-0.132394401134351,0.385058265060274,0,0.154667280679654
-0.363306641687767,0.499375396328194,1.72367640089915,0,3,3.99625237796917,-3.62622308456713,0.111853900129618,0,-4.12981224543802
-0.55026327639062,-2.37459894597976,1.15306445013956,0,3,-13.2475936758786,-3.63448902222334,0.135067859285609,0,-4.13497315073175
1.53513117069752,-1.03151040306894,0.735339228488371,0,3,-5.18906241841364,-1.87115782931084,0.0935886042647184,0,-1.61999937973321
-1.11717257626001,-1.45122120128775,-0.333538808693883,1,3,-7.70732720772648,-2.62737958980876,0.092333922503909,0,-3.59176370151623
-0.587496117010389,0.901745115714418,0.0732156625592229,0,1,2.80349023142884,2.95698608254211,0.925733051447418,1,6.56942530599569
-1.05583511701745,-0.525307354455578,-1.0727157334149,0,2,-1.10122941782231,1.13261094191658,0.878817317120596,0,-0.450848575794927
-0.890185224492488,-0.69265952744491,-0.364036910385268,0,3,-3.15595716466946,-2.67593972120514,0.129107821370506,0,-1.43045300602029
-0.774778769193275,1.11242325331917,-0.106559578143348,0,2,5.44969301327669,0.0825600987996575,0.695932210760722,1,6.20948828822891
-0.28420883025599,-1.20568652978901,1.87039871518974,1,3,-6.23411917873407,-3.53158383095638,0.147871872788827,0,-2.97035690265187
-0.798013771717506,1.06073848626649,-1.06700417714944,1,1,3.12147697253298,3.85148402784535,0.881154133681701,1,5.90662364821701
-0.209299829677425,0.270876130962647,-0.40063747527824,0,3,2.62525678577588,-2.91614664466187,0.127555683965298,0,-3.83734051676722
0.855445656401216,0.0418927720263015,0.921342342182203,0,3,1.25135663215781,-2.21184169532171,0.101462623645221,1,-1.85233052187439
-0.0556873561181455,1.47041886788768,-1.43461058845987,1,2,6.88167547155071,0.079889670730427,0.586422201384065,0,-0.43564469075533
0.757340115927798,-0.825091900728051,2.09538101080576,1,1,-0.650183801456102,4.58691609763654,0.906436235568443,1,2.72508477593146
-0.251483049184581,-1.06824868203681,-0.468715853058337,0,3,-5.40949209222084,-2.88212590807174,0.130817528984448,0,-3.92901267718434
-2.28996185555191,0.64017329234956,0.0636160048242535,1,3,4.84103975409736,-3.14567822445015,0.0827054715760162,0,-5.20777899008176
-0.950848573804286,1.35861209261161,0.201584232930323,0,1,3.71722418522322,2.80832391961677,0.945590567389277,1,5.92281726626434
-0.967133879921021,0.670913106515139,1.30900888228993,0,2,3.68365242606055,-1.26598683918014,0.218024531196653,0,-0.799164565186676
-2.07984101242368,-1.19448511482624,-0.537498198692578,1,1,-1.38897022965248,4.11791079774467,0.918109728870114,1,2.63821793776367
0.684201921424057,-0.558218914792872,2.02067009410214,1,3,-2.34931348875723,-1.61745363905119,0.131281860881251,0,-1.8461362768329
0.566650202808702,1.69726016558493,-2.14196268373936,1,1,4.39452033116987,1.78625641085042,0.869845134343369,0,1.61686120104774
3.1483695559936,0.781132603482131,1.47205347214897,1,2,4.12453041392853,4.63456833650849,0.88497099249051,1,9.09275040790346
-1.55434168200495,0.0408571176374279,0.044623157980606,0,1,1.08171423527486,2.93064036556805,0.915655817768898,1,4.68980527197566
1.57854212887257,-0.32107530522927,0.893472241915654,1,3,-0.926451831375622,-1.58961642515792,0.0787535650251174,0,-0.968967141547536
0.9932466165266,0.0489823102801805,0.0983712381220937,1,3,1.29389386168108,-2.9022931005717,0.143328627098819,0,-2.40852700711563
0.523349026012632,-1.67088444731224,-0.0152826914557482,0,1,-2.34176889462447,2.99200181831178,0.881476360306264,0,2.65051939361547
-0.8854158574605,0.73350315144621,-0.369289246090728,1,2,3.93401260578484,0.326974554478364,0.753536729138339,1,4.5871609529035
-0.576787067624895,1.7010101637439,0.510423136973598,1,1,4.4020203274878,2.7055945355771,0.920977279229003,1,7.17899525199011
-0.454927562788345,-1.14584225096351,1.23033625971195,0,2,-3.58336900385404,-0.559713876040886,0.405594192585323,0,0.818004848241507
-1.96600913693583,0.424184514222938,0.198326549330044,1,1,1.84836902844588,2.61008819192018,0.912845874176927,1,5.62247227514991
0.65281918745195,0.631675102141957,-0.990850802148887,0,1,2.26335020428391,2.35315358445505,0.843558210005076,0,0.699256464852884
-0.972304432332088,-1.05829357582108,0.473236291919002,0,2,-3.23317430328432,-0.460129744173248,0.489561501672677,1,-2.75431872969946
-0.780282949201804,1.71832963501423,1.01740609924993,1,2,7.87331854005691,-0.793864631658641,0.335503641041943,0,-0.881271494756765
1.25515831105874,0.148068317455773,1.33097219791137,1,3,1.88840990473463,-1.32941918400343,0.119691434122666,0,-1.46813061614425
-1.11013115721238,0.370777982942771,0.446026840552285,0,2,2.48311193177108,-0.49514829265009,0.51477518223836,1,1.52687437613413
1.31202360766762,-1.89975681147789,-0.564587279456523,1,2,-6.59902724591158,-0.740751839235794,0.120989675692302,0,-1.65050116117724
1.27407129487037,0.700297762239927,0.585697518743648,0,1,2.40059552447985,3.74622039610808,0.887883090945347,1,7.17878982407578
1.38772808272014,1.34055263111853,-0.336147908224113,1,3,9.0433157867112,-3.46648189219023,0.123395015104419,0,-0.690565212698572
0.784500112684947,0.386923965026991,-0.163404143292937,0,2,2.54769586010796,-0.128190568826496,0.348683342915377,0,0.359297134127974
-0.156345878194238,-1.31765491232738,-1.39782988950244,1,1,-1.63530982465476,3.21854494164041,0.92766180596074,1,3.47901417337571
0.768186534184149,-0.384514153700817,-1.73830108331844,0,3,-1.3070849222049,-4.33533948456295,0.135032775606595,0,-2.60263630645851
0.670711924127309,-1.05290996453924,-0.375805221468503,1,3,-5.31745978723543,-3.25205704318823,0.0639422974135203,0,-4.2018142647307
-1.07039766979502,-0.903501490308853,1.49859935285751,0,2,-2.61400596123541,-1.604097255255,0.210689875323944,1,-3.45675909977778
-0.700438142633348,1.60076278457569,0.0792938218094187,1,2,7.40305113830277,-0.0555404172704889,0.560315676247446,1,7.3269032964554
0.19459600082854,0.343638990175578,-0.645388444881336,1,2,2.37455596070231,-0.125590010354859,0.426540102862574,0,-2.3366029522199
-0.35802869724029,0.31419297629011,1.38006958588114,0,1,1.62838595258022,2.50589548406603,0.888608158943206,1,1.8371568532488
0.465892454618449,-1.34287406804078,-0.49406925038375,0,3,-7.05724440824469,-3.23018313581278,0.128517888297609,0,-1.72619305782488
-0.145297747404269,-0.336205443040191,-0.0468842975718465,0,1,0.327589113919618,3.00681218282582,0.918038112645147,1,3.73975865570719
-0.962243704392499,-0.126900991628188,-0.525484342527736,0,3,0.23859405023087,-2.49435599964585,0.110901821843505,0,-1.6116358136173
1.58460396444593,-1.1974784382243,-0.0517223407586239,0,1,-1.3949568764486,2.91804057378346,0.865521437509415,0,2.66795009267638
1.40657051259092,0.638097638397569,-0.846108190994317,0,1,2.27619527679514,1.80988916808575,0.86820355769236,1,5.4869663166116
-0.777834365428483,-1.00993519736735,0.488506311250882,1,3,-5.05961118420413,-3.37997699661964,0.0723714534210337,0,-3.93983303560931
-0.823327830130587,-0.000689976984880398,0.88689175502994,0,1,0.998620046030239,2.26979733577049,0.862061059614164,1,3.09227387477011
0.388241244481412,-0.921339438940762,0.675087287143945,1,2,-2.68535775576305,0.262096728494346,0.518168576458538,0,-0.0945836860119281
-0.211830496006075,1.189579411381,1.16058851803498,1,2,5.75831764552399,-0.245848041434305,0.494526260879856,0,1.35707655935242
-2.32841349529686,-0.209670370439227,-0.21124748641935,1,2,0.161318518243093,0.491871498226356,0.82781006067747,1,0.396609683710916
0.565912891788363,-0.93148126788418,0.659264323229494,0,2,-2.72592507153672,0.373086179611701,0.499053669084944,1,-2.59137737197347
-0.895395657863487,-0.104002823392418,-1.04843822912068,0,2,0.583988706430328,0.938767037892737,0.864792540812425,1,1.99312155158067
-0.18962796603007,0.976040739965302,1.0486293914161,0,3,6.85624443979181,-3.19884945861358,0.0761300074221596,0,-4.13275482538542
-0.672070437181952,0.404654997492069,1.07473670661859,0,2,2.61861998996828,-0.722298768272646,0.389399265510572,0,-0.36345981142466
0.366791904449648,-0.213468619974196,-1.28284556620725,0,2,0.146125520103218,-0.470537368343943,0.30865740867136,0,-1.19678185908405
-1.2786615675994,-0.373254549210651,0.0367619230048673,1,2,-0.493018196842604,-0.0470060580973723,0.641873083868066,1,-3.14320504273918
0.469423399712991,0.0399697818018815,-0.497341667096686,1,3,1.23981869081129,-3.23346381618745,0.147904649666995,0,-3.46061264284757
-2.07864698489466,0.869656750520028,-0.0513823186405501,0,3,6.21794050312017,-2.89319429828092,0.115110982039427,0,-2.6263993829482
-0.0731209211167686,-0.172065722836014,-1.1342055799107,1,1,0.655868554327971,3.08293415673885,0.889221314694723,1,5.65776189619568
0.811404271481717,-1.30505195620361,0.991060064174271,0,2,-4.22020782481445,0.804150369365948,0.607416505379145,0,1.00147444423981
-1.55620478618124,1.19522196933837,-0.206545293213819,0,1,3.39044393867675,3.32142677386255,0.921032456213059,1,5.57897628333981
0.755088623264905,-0.647177197063594,-0.203120799726413,1,2,-1.58870878825437,-0.153374205021884,0.350212657147057,0,-0.642173606171515
0.40950168152196,0.641582143212868,-1.73159257650015,0,2,3.56632857285147,-0.709090071787756,0.204524380777188,0,-1.33543498608815
-1.59247282782102,0.485964623939637,0.652571718992663,1,1,1.97192924787927,1.96079726929973,0.943877062175222,0,1.75958219282766
-1.76584536953367,-1.15852604189235,-0.796514412606856,1,3,-5.95115625135412,-1.59347871273136,0.285247007267064,0,-2.22167581249489
-1.17931622113944,1.22691861000449,-0.219040482698965,1,3,8.36151166002695,-2.7416820056669,0.0752538465071158,0,-2.80908940909405
0.412358910425618,-0.0193402305705134,1.59729066448137,0,2,0.922639077717946,0.658657038038548,0.6199777255795,0,-0.189396586053737
0.101145015504071,-0.578849671600483,-1.28926328531412,1,3,-2.4730980296029,-3.13040255498193,0.0504991652056226,0,-4.00024471659464
-0.0292163983609497,-0.378516398896284,-0.348037955583894,1,3,-1.27109839337771,-2.98983158444493,0.121145825987787,0,-4.39664676247372
0.526846880809213,-0.840969441672677,-0.740521428526521,1,1,-0.681938883345354,2.60985859520842,0.895149851057924,1,2.29097758809239
-0.513246674684355,1.42095166257751,-0.68127786184797,0,1,3.84190332515502,3.34966359712954,0.942381507961103,1,7.8402960584207
-1.33541413637834,-0.0890009820777225,-0.295814194415508,1,3,0.465994107533665,-2.60496554303616,0.144649562573579,1,-1.23648203888407
0.807414989194966,0.399443367264635,2.02600840417321,0,1,1.79888673452927,4.63582955376442,0.934598083389381,1,5.19365342975207
-0.182290690818082,0.918078111015968,-1.34656934335653,0,2,4.67231244406387,0.245467055834914,0.629928408920945,1,4.19892337570699
0.587238509909331,0.351120278011355,-0.702148497308038,1,3,3.10672166806813,-3.41232863729425,0.133110360260511,0,-2.49177182711524
-1.7904181602294,-1.91476855911181,0.709444094903999,0,3,-10.4886113546708,-4.27020159118363,0.0708152392196495,0,-2.85855383120424
0.905664716395859,0.549821609789516,0.23441795133009,1,3,4.2989296587371,-2.78769593259054,0.109232035358579,0,-1.12512041063462
0.443818313384671,-0.584137960214654,0.309523469963838,0,2,-1.33655184085862,0.137372184392321,0.52778209399902,1,-2.33973314312179
0.353762151747156,-1.30026711683903,-0.963388759936286,0,3,-6.80160270103416,-3.34081048068409,0.0672928047809147,0,-4.73586802430231
-0.884686176725125,-0.822488336662536,0.318992555859158,0,2,-2.28995334665014,-0.282208304646814,0.530303065533692,0,0.647240017423906
-1.4637255774291,-0.480100150337524,0.116256335014062,1,2,-0.920400601350095,-0.170167371098248,0.706136691362531,1,-0.719375380137662
0.286568483525695,-0.740885315313958,-0.447646373161211,1,2,-1.96354126125583,-0.128281342312586,0.385930775646617,0,0.246591432374321
1.5814282647575,-0.189616475343162,-0.191948588027666,0,2,0.241534098627353,-0.303552922487243,0.175158458141972,0,0.448595742872549
-0.622307796125444,1.46779454345329,-1.70564280748614,0,1,3.93558908690658,4.06143481650391,0.903315864441559,1,7.74281763196711
-2.07062034639388,1.84894761139766,-0.375218745305747,1,1,4.69789522279532,3.77693556837846,0.93075315676239,1,7.6261995502584
0.701488849050736,-1.54473761059471,2.034036229887,0,1,-2.08947522118942,4.42685373383093,0.944143981789751,1,2.44772285915391
1.65499435346661,-0.398330743417595,-0.571242769247025,0,3,-1.38998446050557,-3.94540355756245,0.0729575375182784,0,-4.47482051488011
0.97812061259753,-0.339345489419367,-0.340279501985636,1,2,-0.357381957677467,-0.332834394936573,0.235307958604511,0,-1.87030863893577
-0.455384107216954,-0.263180144972501,1.2525926813098,1,3,-0.579080869835004,-3.57041079988476,0.0953329209970297,1,-2.87646814832232
-0.0161647305079288,0.362004963104161,-0.633995945562811,1,3,3.17202977862496,-2.98975162639686,0.0827228501384376,0,-3.81699235459279
0.773434252537046,0.625499130977007,0.293272358625876,1,1,2.25099826195401,3.22682688748358,0.874114378458858,1,4.53487369070366
1.55574084439111,-0.504632744851145,-1.46286268167155,1,2,-1.01853097940458,-2.27583522361195,0.068453679610263,0,-2.76659065656119
0.601524263751273,-1.62803921481712,0.385129757359951,1,3,-8.76823528890272,-2.76833510625535,0.0544799648402034,0,-2.57995731245974
0.253560023102848,0.205651599222198,-0.565159418992146,1,1,1.4113031984444,2.85669816466356,0.864045077232387,1,6.11604611859101
2.65366353192846,0.864205054571436,-0.633370247038844,1,3,6.18523032742861,-4.6807515267755,0.110417376199195,1,0.643228736161176
1.16257077066811,-0.91680490284081,0.622335216954339,1,2,-2.66721961136324,0.723508732788509,0.533370391209346,1,-3.53150832511166
-0.521405700234734,0.747146213730861,-2.25470498205608,0,3,5.48287728238517,-1.82438397000831,0.164927314739195,0,-1.94571712706628
0.409327013252057,-0.555968079413635,0.841554494162588,1,3,-2.33580847648181,-2.65552901241558,0.120247144009293,1,-5.04994605914472
0.355699441034409,-0.958158170572624,0.0311632543670524,0,3,-4.74894902343575,-2.98891524784083,0.11632943729424,0,-2.66482814672146
0.729850298726866,-1.1078329576119,-1.67537928832246,1,2,-3.43133183044759,-1.22277607406295,0.110231777940192,0,-1.09742662792502
0.269389359623309,1.17961490511441,-2.66200648983716,0,1,3.35922981022883,2.28288377638967,0.90749753262627,1,6.25100014894185
-1.2733277503171,0.67050867535737,-0.325006279661101,1,1,2.34101735071474,3.4138395149198,0.927436513819891,0,3.49911173463551
-1.46722967866815,0.0902785653676872,-0.347889333537278,0,3,1.54167139220612,-2.48956644494202,0.0904039811444023,0,-1.57189147666351
-1.02270396260742,1.05256607523117,0.422886538711904,0,3,7.31539645138701,-3.432487738874,0.139733257231837,0,-3.17204860937973
1.36553875358374,-0.902060111870043,-0.272402984637139,1,2,-2.60824044748017,-0.371976832113888,0.254007612988645,0,-0.0973120760678061
-0.261526239547552,1.57728298827717,0.692884810555937,1,3,10.463697929663,-3.18120755894431,0.0863169296002806,0,-3.93177558270556
0.113723850956048,-1.83913491455898,-0.854141377962268,0,1,-2.67826982911795,2.90286375323723,0.870754051624128,1,-2.11851999944266
0.713526775134671,-1.12839405785394,0.391868098829129,1,2,-3.51357623141575,0.279608380835703,0.455474630160787,1,-2.24477431474668
0.0417834955953622,0.290654400242537,0.85192587480192,1,3,2.74392640145522,-2.96440355896264,0.139218348141255,0,-2.01777727392072
0.137078290951228,-1.43445903868704,-1.20449725997007,0,2,-4.73783615474816,-0.165110425852134,0.389700186727041,0,0.108509202171052
-1.92573492916609,-0.355972224473236,0.113212972541788,1,1,0.288055551053529,2.78198182434156,0.944920525921789,1,3.35992422749198
0.78435228643438,0.827860764305055,-0.0949341328185397,1,1,2.65572152861011,2.92553819586311,0.921569080180705,1,5.42455434580196
0.44972194465184,-0.259596030901162,-0.423046623521481,0,2,-0.0383841236046476,-0.190253350208475,0.398354481385808,0,-0.44134072402933
0.498245948445212,-0.520147300274364,-0.639383206912913,1,3,-2.12088380164618,-3.31857009234827,0.0712996787461617,0,-3.39667626492781
-0.577622442188486,2.22855361798611,0.742990164180029,1,3,14.3713217079167,-3.42916779315569,0.0557007841161409,0,-4.12497176022204
-1.96885288440572,1.0535189921595,0.303475744294726,1,1,3.10703798431901,2.40250090549816,0.909932082955981,1,6.31431283126978
0.849264545561376,-1.14698913565177,0.558312811942965,1,1,-1.29397827130353,3.47415527651584,0.898053473671075,1,1.98522485546769
-2.50205648267411,-1.18384638080477,0.896691565901471,1,2,-3.73538552321909,-2.24357294542297,0.22735999663745,0,-0.526086610253869
-0.943275488638545,1.37896162968264,-0.126038481364806,0,3,9.27376977809583,-2.88111098990335,0.100581396087811,0,-4.18011029679061
0.578150408482552,-0.176697720484454,1.53085282699476,0,3,-0.0601863229067214,-2.11493681274631,0.0946768072257342,0,-2.1798856703682
-0.915647965322471,0.94394073490977,1.15672708678042,1,3,6.66364440945862,-4.05915480344388,0.140677661773108,0,-4.36724114186927
-1.00811235156866,0.813451788849604,-0.183066837556401,0,2,4.25380715539842,0.184551940103221,0.751925849895387,0,-0.387081387124455
-0.353768265738903,1.40595354968715,-1.65429523786445,1,2,6.62381419874858,0.585237157319432,0.71380326582163,1,7.72177973169237
